user_id,username,password,email,first_name,last_name,payment_details,role
ur1898687,johndoe1,P@ssw0rd123,john.doe1@example.com,John,Doe,pd0000001,rd0000001
ur0842118,janesmith,J@n3Smit#45,jane.smith@example.com,Jane,Smith,pd0000002,rd0000002
ur1285640,jimbrown,Br0wnie#789,jim.brown@example.com,Jim,Brown,pd0000003,rd0000003
ur1003471,jilljohnson,J!llybean76,jill.johnson@example.com,Jill,Johnson,pd0000004,rd0000003
ur0226855,jackwhite,Wh!teH0rse22,jack.white@example.com,Jack,White,pd0000005,rd0000003
ur1532177,alicecooper,RockStar#99,alice.cooper@example.com,Alice,Cooper,pd0000006,rd0000003
ur6574726,bobmarley,ReggaeR0cks,bob.marley@example.com,Bob,Marley,pd0000007,rd0000003
ur31182745,charliechaplin,SilentM0vies,charlie.chaplin@example.com,Charlie,Chaplin,pd0000008,rd0000003
ur9871443,davidbowie,St@rman99,david.bowie@example.com,David,Bowie,pd0000009,rd0000003
ur2707735,ellafitzgerald,QueenOfJ@zz,ella.fitzgerald@example.com,Ella,Fitzgerald,pd0000010,rd0000003
ur7602045,frankzappa,Z@pGroove67,frank.zappa@example.com,Frank,Zappa,pd0000011,rd0000003
ur23169472,gracekelly,Princes$ofM0naco,grace.kelly@example.com,Grace,Kelly,pd0000012,rd0000003
ur13887584,henryford,FordM0tor123,henry.ford@example.com,Henry,Ford,pd0000013,rd0000003
ur34426359,isaacnewton,Appl3Falls,isaac.newton@example.com,Isaac,Newton,pd0000014,rd0000002
ur30748387,jackiechan,KungFuM@ster,jackie.chan@example.com,Jackie,Chan,pd0000015,rd0000003
ur26870881,karencarpenter,DrumM@jor77,karen.carpenter@example.com,Karen,Carpenter,pd0000016,rd0000003
ur21112049,leonardodavinci,V!nciC0de42,leonardo.davinci@example.com,Leonardo,Da Vinci,pd0000017,rd0000003
ur23319218,marilynmonroe,Diam0ndsR4ever,marilyn.monroe@example.com,Marilyn,Monroe,pd0000018,rd0000003
ur15832144,nikolatesla,T3slaP0wer,nikola.tesla@example.com,Nikola,Tesla,pd0000019,rd0000003
ur15490512,samanthab,P@ssw0rd123,samantha.brown@example.com,Samantha,Brown,pd0000020,rd0000003
ur0650255,michaelk,J@n3Smit#45,michael.king@example.com,Michael,King,pd0000021,rd0000003
ur2074071,lindam,Br0wnie#789,linda.martin@example.com,Linda,Martin,pd0000022,rd0000003
ur20961309,roberth,J!llybean76,robert.harris@example.com,Robert,Harris,pd0000023,rd0000003
ur7533368,patriciac,Wh!teH0rse22,patricia.carter@example.com,Patricia,Carter,pd0000024,rd0000003
ur2847437,jamesw,RockStar#99,james.wilson@example.com,James,Wilson,pd0000025,rd0000003
ur58506458,jenniferd,ReggaeR0cks,jennifer.davis@example.com,Jennifer,Davis,pd0000026,rd0000003
ur22620730,maryt,SilentM0vies,mary.thompson@example.com,Mary,Thompson,pd0000027,rd0000003
ur23833870,josephr,St@rman99,joseph.rodriguez@example.com,Joseph,Rodriguez,pd0000028,rd0000003
ur38174999,christopherl,QueenOfJ@zz,christopher.lee@example.com,Christopher,Lee,pd0000029,rd0000003
ur34500041,amandap,Z@pGroove67,amanda.perez@example.com,Amanda,Perez,pd0000030,rd0000003
ur25795067,markg,Princes$ofM0naco,mark.gonzalez@example.com,Mark,Gonzalez,pd0000031,rd0000003
ur2542703,lisaw,FordM0tor123,lisa.wilson@example.com,Lisa,Wilson,pd0000032,rd0000003
ur4430249,stephens,Appl3Falls,stephen.scott@example.com,Stephen,Scott,pd0000033,rd0000003
ur1086460,paulr,KungFuM@ster,paul.robinson@example.com,Paul,Robinson,pd0000034,rd0000003
ur21870889,sandrat,DrumM@jor77,sandra.thomas@example.com,Sandra,Thomas,pd0000035,rd0000003
ur16039974,danielh,V!nciC0de42,daniel.hall@example.com,Daniel,Hall,pd0000036,rd0000003
ur9358840,laurenc,Diam0ndsR4ever,lauren.clark@example.com,Lauren,Clark,pd0000037,rd0000003
ur12305925,ryanm,T3slaP0wer,ryan.mitchell@example.com,Ryan,Mitchell,pd0000038,rd0000003
ur10508209,carolt,P@ssw0rd789,carol.turner@example.com,Carol,Turner,pd0000039,rd0000003
ur19940085,brianm,J@n3Doe#123,brian.morris@example.com,Brian,Morris,pd0000040,rd0000003
ur18477924,nicoler,Br0wnie#456,nicole.ross@example.com,Nicole,Ross,pd0000041,rd0000003
ur1615741,brendaw,J@ckRabbit5,brenda.walker@example.com,Brenda,Walker,pd0000042,rd0000003
ur8950612,keving,P@ssw0rd654,kevin.green@example.com,Kevin,Green,pd0000043,rd0000003
ur4786256,amandac,J@neDoe89,amanda.collins@example.com,Amanda,Collins,pd0000044,rd0000003
ur5820549,christopherc,Ch@ng3M3Now,christopher.cole@example.com,Christopher,Cole,pd0000045,rd0000003
ur5849933,elizabethh,3l!z@beth2,harrison.elizabeth@example.com,Elizabeth,Harrison,pd0000046,rd0000002
ur1240066,michellep,P@ssw0rd098,michelle.phillips@example.com,Michelle,Phillips,pd0000047,rd0000003
ur5092987,rachelc,Go0dP@ssword123,rachel.clark@example.com,Rachel,Clark,pd0000048,rd0000003
ur6200066,justinr,Just!nR0cks99,justin.reeves@example.com,Justin,Reeves,pd0000049,rd0000003
ur8839244,heatherd,H3@th3rL0v3sDogs,heather.davis@example.com,Heather,Davis,pd0000050,rd0000003
ur5708302,patrickw,P@tr!ckW1lliam$,patrick.williams@example.com,Patrick,Williams,pd0000051,rd0000003
ur4463255,abigailw,Ab!g@ilW00ds,abigail.woods@example.com,Abigail,Woods,pd0000052,rd0000003
ur9517551,josephm,Jo$3phMarl3y,joseph.martin@example.com,Joseph,Martin,pd0000053,rd0000003
ur6327540,natalieb,N@t@l!3Br0wn,natalie.baker@example.com,Natalie,Baker,pd0000054,rd0000003
ur1558035,matthewm,M@ttM@n321,matthew.morgan@example.com,Matthew,Morgan,pd0000055,rd0000003
ur9051342,ashleyr,Ashl3yR0s3,ashley.rodriguez@example.com,Ashley,Rodriguez,pd0000056,rd0000003
ur2843299,donalds,Don@ldDuck123,donald.scott@example.com,Donald,Scott,pd0000057,rd0000003
ur7649477,deborahc,D3b0r@hC00k,deborah.cook@example.com,Deborah,Cook,pd0000058,rd0000003
ur7425499,williamb,Will!@mB3ll,william.bell@example.com,William,Bell,pd0000059,rd0000003
ur3921035,ameliag,Am3l!@Gr@y,amelia.gray@example.com,Amelia,Gray,pd0000060,rd0000003
ur2027421,richardt,R1ch!rdT33,richard.taylor@example.com,Richard,Taylor,pd0000061,rd0000003
ur7609248,meganw,M3g@nWh!t3,megan.white@example.com,Megan,White,pd0000062,rd0000003
ur4250855,brandonh,Br@nd0nH1ll,brandon.hill@example.com,Brandon,Hill,pd0000063,rd0000003
ur1682523,jacobr,J@c0bR0s3,jacob.ross@example.com,Jacob,Ross,pd0000064,rd0000003
ur2245938,emilyj,Em!lyJ@ckson,emily.jackson@example.com,Emily,Jackson,pd0000065,rd0000003
ur3376246,gregorym,Gr3gM00n,gregory.moore@example.com,Gregory,Moore,pd0000066,rd0000003
ur9916687,oliviat,Ol!v!@T@yl0r,olivia.taylor@example.com,Olivia,Taylor,pd0000067,rd0000003
ur4484402,jacobc,J@c0bC0l3,jacob.collins@example.com,Jacob,Collins,pd0000068,rd0000002
ur2300398,rebeccaw,R3b3cc@W@ng,rebecca.wang@example.com,Rebecca,Wang,pd0000069,rd0000003
ur9523515,emilyc,3m!l!C0urt,emily.courtney@example.com,Emily,Courtney,pd0000070,rd0000003
ur4653527,gregorys,Gr3g0rSm!th,gregory.smith@example.com,Gregory,Smith,pd0000071,rd0000003
ur7514688,samanthac,S@m@nth@Ch@ng,samantha.chang@example.com,Samantha,Chang,pd0000072,rd0000003
ur1662096,ericaa,3r!c@All3n,erica.allen@example.com,Erica,Allen,pd0000073,rd0000003
ur8843069,jeffreys,J3ffr3yB@rry,jeffrey.barry@example.com,Jeffrey,Barry,pd0000074,rd0000003
ur5392698,amandam,4m@nd@M00n,amanda.morris@example.com,Amanda,Morris,pd0000075,rd0000003
ur1291438,laurenm,L@ur3nM@rtin,lauren.martin@example.com,Lauren,Martin,pd0000076,rd0000003
ur3900888,alisonp,Al!s0nP@rk,alison.parker@example.com,Alison,Parker,pd0000077,rd0000003
ur6789004,michaelc,M!ch43lC00p3r,michael.cooper@example.com,Michael,Cooper,pd0000078,rd0000003
ur4432009,marcusg,M@rcu$G@rc!@,marcus.garcia@example.com,Marcus,Garcia,pd0000079,rd0000003
ur5412196,kevinp,K3v!nP@rk3r,kevin.parker@example.com,Kevin,Parker,pd0000080,rd0000001
ur4926423,davida,D@v!d@K!m,david.kim@example.com,David,Kim,pd0000081,rd0000003
ur1291361,josephd,J0s3phD@v!s,joseph.davis@example.com,Joseph,Davis,pd0000082,rd0000003
ur6112283,jamesc,J@m3sC00l3y,james.cooley@example.com,James,Cooley,pd0000083,rd0000003
ur1241527,christinew,Chr!st!n3W3b3r,christine.webber@example.com,Christine,Webber,pd0000084,rd0000003
ur2015498,gregoryj,Gr3gJ0n3s,gregory.jones@example.com,Gregory,Jones,pd0000085,rd0000003
ur3679254,angelar,Ang3l@R0b3rts,angela.roberts@example.com,Angela,Roberts,pd0000086,rd0000003
ur8832647,amandar,4m@nd@R0g3rs,amanda.rogers@example.com,Amanda,Rogers,pd0000087,rd0000003
ur9538279,melissad,M3l!ss@D3nn!s,melissa.dennis@example.com,Melissa,Dennis,pd0000088,rd0000002
ur8529137,lisal,L!s@L@wson,lisa.lawson@example.com,Lisa,Lawson,pd0000089,rd0000002
ur2881923,stevenh,St3v3nH0ffm@n,steven.hoffman@example.com,Steven,Hoffman,pd0000090,rd0000003
ur3765921,carolyns,C@r0lynSt0n3,carolyn.stone@example.com,Carolyn,Stone,pd0000091,rd0000003
ur5930165,jacobh,J@c0bH@rn3r,jacob.hart@example.com,Jacob,Hart,pd0000092,rd0000003
ur7284309,matthewp,M@ttP@rk3r,matthew.parker@example.com,Matthew,Parker,pd0000093,rd0000003
ur8458213,debrab,D3br@Br0wn,debra.brown@example.com,Debra,Brown,pd0000094,rd0000003
ur5464380,ryanp,Ry@nP@tt3rs0n,ryan.patterson@example.com,Ryan,Patterson,pd0000095,rd0000003
ur1693827,jeffreyc,J3ffr3yC@mpb3ll,jeffrey.campbell@example.com,Jeffrey,Campbell,pd0000096,rd0000003
ur7354285,megans,M3g@nSt3w@rt,megan.stewart@example.com,Megan,Stewart,pd0000097,rd0000003
ur9042851,phillipw,Ph!ll!pW@ll@c3,phillip.wallace@example.com,Phillip,Wallace,pd0000098,rd0000003
ur8023938,cynthiab,Cynth!@B@!l3y,cynthia.bailey@example.com,Cynthia,Bailey,pd0000099,rd0000003
ur4839136,cherylw,Ch3rylW00ds,cheryl.woods@example.com,Cheryl,Woods,pd0000100,rd0000003
ur7485901,geraldm,G3r@ldM@rt!n,gerald.martin@example.com,Gerald,Martin,pd0000101,rd0000003
ur9246912,dianac,D!@n@C@rp3nt3r,diana.carpenter@example.com,Diana,Carpenter,pd0000102,rd0000001
ur1938627,christopherm,Ch@ng3M3Now,christopher.martin@example.com,Christopher,Martin,pd0000103,rd0000003
ur9324652,robertc,R0b3rtC00p3r,robert.cooper@example.com,Robert,Cooper,pd0000104,rd0000003
ur2018372,douglasw,D0ugl@$W3bb,douglas.webb@example.com,Douglas,Webb,pd0000105,rd0000003
ur5014928,brandonh,Br@nd0nH@ns3n,brandon.hansen@example.com,Brandon,Hansen,pd0000106,rd0000003
ur9053427,cynthiad,Cynth!@D@v!s,cynthia.davis@example.com,Cynthia,Davis,pd0000107,rd0000003
ur2741039,frankh,F@nkyFr@nk,frank.hernandez@example.com,Frank,Hernandez,pd0000108,rd0000003
ur1584263,davids,D@v!d$@nd3rs,david.sanders@example.com,David,Sanders,pd0000109,rd0000003
ur7536714,bethanyb,B3th@nyB@rn3s,bethany.barnes@example.com,Bethany,Barnes,pd0000110,rd0000003
ur6620472,michaelb,M!k3yB0lt,michael.bolton@example.com,Michael,Bolton,pd0000111,rd0000003
ur6493138,amandaw,4m@nd@W!lcox,amanda.wilcox@example.com,Amanda,Wilcox,pd0000112,rd0000003
ur8483175,carolynm,C@r0lynM@y3r,carolyn.mayer@example.com,Carolyn,Mayer,pd0000113,rd0000003
ur2993021,joels,J03lSh@w,joel.shaw@example.com,Joel,Shaw,pd0000114,rd0000003
ur8837616,nancys,N@ncyR0b!ns0n,nancy.robinson@example.com,Nancy,Robinson,pd0000115,rd0000002
ur7183463,kristinam,Kr!st!n@M@rt!n,kristina.martin@example.com,Kristina,Martin,pd0000116,rd0000001
ur5638829,thomasd,Th0m@$D@v!s,thomas.davis@example.com,Thomas,Davis,pd0000117,rd0000003
ur6735629,katherinep,K@th3r!nP@tt3rs0n,katherine.patterson@example.com,Katherine,Patterson,pd0000118,rd0000003
ur3952719,scottw,Sc0ttW3@v3r,scott.weaver@example.com,Scott,Weaver,pd0000119,rd0000003
ur8399627,heathers,H3@th3rS!mpson,heather.simpson@example.com,Heather,Simpson,pd0000120,rd0000003
ur5717279,joanh,J0@nH@ll,john.hall@example.com,John,Hall,pd0000121,rd0000003
ur3016218,angelab,4ngel@B@rn3s,angela.barnes@example.com,Angela,Barnes,pd0000122,rd0000003
ur2048427,carolinep,C@r0l!nP@rk3r,caroline.parker@example.com,Caroline,Parker,pd0000123,rd0000003
ur4892761,annetteh,Ann3tt3H3rn@nd3z,annette.hernandez@example.com,Annette,Hernandez,pd0000124,rd0000002
ur1563729,amandaj,4m@nd@J0n3s,amanda.jones@example.com,Amanda,Jones,pd0000125,rd0000002
ur5503206,jasonb,J@s0nB@rn3s,jason.barnes@example.com,Jason,Barnes,pd0000126,rd0000003
ur4829037,barbarar,B@rb@r@R0y,barbara.roy@example.com,Barbara,Roy,pd0000127,rd0000003
ur9502861,michaels,M!ch@3lStr@us,michael.strauss@example.com,Michael,Strauss,pd0000128,rd0000003
ur2581935,angelaf,4ng3l@Fl3tch3r,angela.fletcher@example.com,Angela,Fletcher,pd0000129,rd0000003
ur7402619,christopherg,Ch@ng3M3N0w,christopher.ng@example.com,Christopher,Ng,pd0000130,rd0000003
ur6730284,meganm,M3g@nM@th3ws,megan.matthews@example.com,Megan,Matthews,pd0000131,rd0000003
ur5932018,gregoryb,Gr3g0ryB@rn3tt,gregory.barnett@example.com,Gregory,Barnett,pd0000132,rd0000003
ur3059154,ashleym,4shl3yM@ld0n@do,ashley.maldonado@example.com,Ashley,Maldonado,pd0000133,rd0000003
ur6483105,georgeg,G30rg3G@rc!a,george.garcia@example.com,George,Garcia,pd0000134,rd0000003
ur7610329,kellyw,K3llyW00ds,kelly.woods@example.com,Kelly,Woods,pd0000135,rd0000003
ur4596230,michaelt,M!k3yT@yl0r,michael.taylor@example.com,Michael,Taylor,pd0000136,rd0000003
ur8019257,margarets,M@rg@r3tSt0n3,margaret.stone@example.com,Margaret,Stone,pd0000137,rd0000003
ur9125783,amandag,4m@nd@G@ll@g0s,amanda.gallagos@example.com,Amanda,Gallagos,pd0000138,rd0000003
ur5782643,kathyw,K@thyW@lt3rs,kathy.walters@example.com,Kathy,Walters,pd0000139,rd0000003
ur7843026,emilyh,3m!lyH3ndr!cks,emily.hendricks@example.com,Emily,Hendricks,pd0000140,rd0000002
ur8719502,bruceb,Bruc3B3ll,bruce.bell@example.com,Bruce,Bell,pd0000141,rd0000003
ur5938216,johns,J0hnM!tch3ll,john.mitchell@example.com,John,Mitchell,pd0000142,rd0000003
ur9302631,ashleys,Ashl3yC@rr3r0,ashley.carrera@example.com,Ashley,Carrera,pd0000143,rd0000003
ur4876120,carolr,C@r0lR3y3s,carol.reyes@example.com,Carol,Reyes,pd0000144,rd0000003
ur5309215,aliciat,4l!c!@T@ll3y,alicia.talley@example.com,Alicia,Talley,pd0000145,rd0000003
ur9528370,richardp,R!ch@rdP@rk,rchard.park@example.com,Richard,Park,pd0000146,rd0000003
ur2930128,heatherm,H3@th3rM@rt!n,heather.martin@example.com,Heather,Martin,pd0000147,rd0000002
ur6095372,jeffreyh,J3ffr3yH@rr!s,jefrey.harris@example.com,Jeffrey,Harris,pd0000148,rd0000002
ur8642915,larryc,L@rryC@!dw3ll,larry.caldwell@example.com,Larry,Caldwell,pd0000149,rd0000003
ur4029485,ashleyb,4shl3yB@ll,ashley.ball@example.com,Ashley,Ball,pd0000150,rd0000003
ur8371045,michaelp,M!ch43lP@rk3r,michael.parker@example.com,Michael,Parker,pd0000151,rd0000003
ur5629371,brandonw,Br@nd0nW@ng,brandon.wang@example.com,Brandon,Wang,pd0000152,rd0000003
ur9402916,andrewj,4ndr3wJ0hns0n,andrew.johnson@example.com,Andrew,Johnson,pd0000153,rd0000003
ur5932850,ashleym,4shl3yG@rc!a,ashley.garcia@example.com,Ashley,Garcia,pd0000154,rd0000003
ur6839241,brandonm,Br@nd0nM!ll3r,brandon.miller@example.com,Brandon,Miller,pd0000155,rd0000003
ur8402962,gregoryh,Gr3g0ryH@rtm@n,gregory.hartman@example.com,Gregory,Hartman,pd0000156,rd0000003
ur4029317,amandac,4m@nd@C@mpb3ll,amanda.campbell@example.com,Amanda,Campbell,pd0000157,rd0000003
ur9463023,patriciar,P@tr!c!@R3yn0lds,patricia.reynolds@example.com,Patricia,Reynolds,pd0000158,rd0000002
ur5629372,stephaniem,St3ph@n!3M@rt!n,stephanie.martin@example.com,Stephanie,Martin,pd0000159,rd0000003
ur8403931,brianc,Br!@nc@st!llm@n,brian.castillman@example.com,Brian,Castillman,pd0000160,rd0000002
ur2849283,annal,4nn@l!w00ds,anna.woods@example.com,Anna,Woods,pd0000161,rd0000003
ur9302915,emilyw,3m!lyW@lsh,emily.walsh@example.com,Emily,Walsh,pd0000162,rd0000003
ur4859293,josephc,J0s3phC@rt3r,joseph.carter@example.com,Joseph,Carter,pd0000163,rd0000003
ur5782962,donnaw,D0nn@W00druff,donna.woodruff@example.com,Donna,Woodruff,pd0000164,rd0000003
ur4392053,josephr,J0s3phR0dr!gu3z,joseph.rodriguez@example.com,Joseph,Rodriguez,pd0000165,rd0000003
ur8492045,jasonr,J@s0nR0b!ns0n,jason.robinson@example.com,Jason,Robinson,pd0000166,rd0000003
ur1039274,laurenb,L@ur3nB@rn3s,lauren.barnes@example.com,Lauren,Barnes,pd0000167,rd0000003
ur5729318,nicholasc,N!ch0l@sC0l3,nicholas.cole@example.com,Nicholas,Cole,pd0000168,rd0000003
ur5302935,ashleys,Ashl3yF@rr3ll,ashley.farrell@example.com,Ashley,Farrell,pd0000169,rd0000003
ur2940392,matthewm,M@ttM0rr!s0n,matthew.morrison@example.com,Matthew,Morrison,pd0000170,rd0000003
ur1049302,angelab,4ng3l!c4mpos,angela.campos@example.com,Angela,Campos,pd0000171,rd0000003
ur8203912,kimberlyw,K!mb3rlyW3bb,kimberly.webb@example.com,Kimberly,Webb,pd0000172,rd0000003
ur4029402,cheryls,Ch3rylC@rr,sheryl.carr@example.com,Cheryl,Carr,pd0000173,rd0000002
ur1940392,jamesr,J@m3sH0lt,james.holt@example.com,James,Holt,pd0000174,rd0000003
ur2039492,adamw,Ad@mW00ds,adam.woods@example.com,Adam,Woods,pd0000175,rd0000002
ur4939203,barbarab,B@rb@r@W!ls0n,barbara.wilson@example.com,Barbara,Wilson,pd0000176,rd0000002
ur2039204,scottm,Sc0ttM@rsh,scott.marsh@example.com,Scott,Marsh,pd0000177,rd0000003
ur1092394,kevinp,K3v!nP@tt3rs0n,kevin.patterson@example.com,Kevin,Patterson,pd0000178,rd0000003
ur4392043,amandab,4m@nd@B@k3r,amanda.baker@example.com,Amanda,Baker,pd0000179,rd0000003
ur2940394,josephg,J0s3phG@rc!a,joseph.garcia@example.com,Joseph,Garcia,pd0000180,rd0000003
ur9304920,christopherd,Chr!st0ph3rD@v!s,christopher.davis@example.com,Christopher,Davis,pd0000181,rd0000002
ur2849203,dianeb,D!@n3Br0wn,diane.brown@example.com,Diane,Brown,pd0000182,rd0000003
ur3940234,matthewm,M@ttM!ll3r,matthew.miller@example.com,Matthew,Miller,pd0000183,rd0000003
ur2049349,jenniferj,J3nn!f3rJ0n3s,jennifer.jones@example.com,Jennifer,Jones,pd0000184,rd0000003
ur4930249,stephanieh,St3ph@n!3H@rr!s,stephanie.harris@example.com,Stephanie,Harris,pd0000185,rd0000003
ur3920493,patriciab,P@tr!c!@H3rn@nd3z,patricia.hernandez@example.com,Patricia,Hernandez,pd0000186,rd0000003
ur3294392,karenk,K@r3nK!ng,karen.king@example.com,Karen,King,pd0000187,rd0000003
ur4932904,melissam,M3l!ss@M@rt!n,melissa.martin@example.com,Melissa,Martin,pd0000188,rd0000003
ur2039482,kimberlyc,K!mb3rlyC0l3,kimberly.cole@example.com,Kimberly,Cole,pd0000189,rd0000003
ur2039481,williama,W!ll!@mL@w3nc3,william.lawrence@example.com,William,Lawrence,pd0000190,rd0000003
ur3920482,christopherp,Ch!3fP@tt3rs0n,christopher.patterson@example.com,Christopher,Patterson,pd0000191,rd0000003
ur3290493,jasonw,J@s0nW00ds,jason.woods@example.com,Jason,Woods,pd0000192,rd0000003
ur3204939,amandaandrews,A@ndr3wsAm@nd@,amanda.andrews@example.com,Amanda,Andrews,pd0000193,rd0000002
ur3402949,ashleym,Ashl3yM@rt!n,ashley.martin@example.com,Ashley,Martin,pd0000194,rd0000003
ur2948392,michelleb,M!ch3ll3W@rd,michelle.ward@example.com,Michelle,Ward,pd0000195,rd0000003
ur2398430,kathleenk,K@thl33nK3lly,kathleen.kelly@example.com,Kathleen,Kelly,pd0000196,rd0000003
ur3402930,josephd,J0s3phD3W!tt,joseph.dewitt@example.com,Joseph,Dewitt,pd0000197,rd0000003
ur2389420,richardb,R!ch@rdB@ss,rchard.bass@example.com,Richard,Bass,pd0000198,rd0000003
ur2039203,laurenc,L@ur3nC@mpb3ll,lauren.campbell@example.com,Lauren,Campbell,pd0000199,rd0000003
ur0000001, cph-caro, 1234, cphcaro@gmail.com, Caroline, Hog, pd0000200, rd0000001
ur0000002, cph-mari, 1234, cphmari@gmail.com, Maria, Mcnally, pd0000201, rd0000002